film_id,category_id,name,last_update
19,1,Action,15/02/2006 04:46
21,1,Action,15/02/2006 04:46
29,1,Action,15/02/2006 04:46
38,1,Action,15/02/2006 04:46
56,1,Action,15/02/2006 04:46
67,1,Action,15/02/2006 04:46
97,1,Action,15/02/2006 04:46
105,1,Action,15/02/2006 04:46
111,1,Action,15/02/2006 04:46
115,1,Action,15/02/2006 04:46
126,1,Action,15/02/2006 04:46
130,1,Action,15/02/2006 04:46
162,1,Action,15/02/2006 04:46
194,1,Action,15/02/2006 04:46
205,1,Action,15/02/2006 04:46
210,1,Action,15/02/2006 04:46
212,1,Action,15/02/2006 04:46
229,1,Action,15/02/2006 04:46
250,1,Action,15/02/2006 04:46
252,1,Action,15/02/2006 04:46
253,1,Action,15/02/2006 04:46
271,1,Action,15/02/2006 04:46
287,1,Action,15/02/2006 04:46
292,1,Action,15/02/2006 04:46
303,1,Action,15/02/2006 04:46
318,1,Action,15/02/2006 04:46
327,1,Action,15/02/2006 04:46
329,1,Action,15/02/2006 04:46
360,1,Action,15/02/2006 04:46
371,1,Action,15/02/2006 04:46
375,1,Action,15/02/2006 04:46
395,1,Action,15/02/2006 04:46
417,1,Action,15/02/2006 04:46
501,1,Action,15/02/2006 04:46
511,1,Action,15/02/2006 04:46
530,1,Action,15/02/2006 04:46
542,1,Action,15/02/2006 04:46
549,1,Action,15/02/2006 04:46
574,1,Action,15/02/2006 04:46
579,1,Action,15/02/2006 04:46
586,1,Action,15/02/2006 04:46
594,1,Action,15/02/2006 04:46
659,1,Action,15/02/2006 04:46
664,1,Action,15/02/2006 04:46
697,1,Action,15/02/2006 04:46
707,1,Action,15/02/2006 04:46
717,1,Action,15/02/2006 04:46
732,1,Action,15/02/2006 04:46
748,1,Action,15/02/2006 04:46
793,1,Action,15/02/2006 04:46
794,1,Action,15/02/2006 04:46
802,1,Action,15/02/2006 04:46
823,1,Action,15/02/2006 04:46
825,1,Action,15/02/2006 04:46
838,1,Action,15/02/2006 04:46
850,1,Action,15/02/2006 04:46
869,1,Action,15/02/2006 04:46
911,1,Action,15/02/2006 04:46
915,1,Action,15/02/2006 04:46
927,1,Action,15/02/2006 04:46
964,1,Action,15/02/2006 04:46
968,1,Action,15/02/2006 04:46
982,1,Action,15/02/2006 04:46
991,1,Action,15/02/2006 04:46
18,2,Animation,15/02/2006 04:46
23,2,Animation,15/02/2006 04:46
36,2,Animation,15/02/2006 04:46
70,2,Animation,15/02/2006 04:46
78,2,Animation,15/02/2006 04:46
89,2,Animation,15/02/2006 04:46
118,2,Animation,15/02/2006 04:46
121,2,Animation,15/02/2006 04:46
134,2,Animation,15/02/2006 04:46
154,2,Animation,15/02/2006 04:46
160,2,Animation,15/02/2006 04:46
193,2,Animation,15/02/2006 04:46
208,2,Animation,15/02/2006 04:46
223,2,Animation,15/02/2006 04:46
239,2,Animation,15/02/2006 04:46
241,2,Animation,15/02/2006 04:46
243,2,Animation,15/02/2006 04:46
245,2,Animation,15/02/2006 04:46
259,2,Animation,15/02/2006 04:46
268,2,Animation,15/02/2006 04:46
300,2,Animation,15/02/2006 04:46
314,2,Animation,15/02/2006 04:46
325,2,Animation,15/02/2006 04:46
326,2,Animation,15/02/2006 04:46
330,2,Animation,15/02/2006 04:46
349,2,Animation,15/02/2006 04:46
355,2,Animation,15/02/2006 04:46
402,2,Animation,15/02/2006 04:46
430,2,Animation,15/02/2006 04:46
433,2,Animation,15/02/2006 04:46
456,2,Animation,15/02/2006 04:46
461,2,Animation,15/02/2006 04:46
464,2,Animation,15/02/2006 04:46
470,2,Animation,15/02/2006 04:46
489,2,Animation,15/02/2006 04:46
510,2,Animation,15/02/2006 04:46
541,2,Animation,15/02/2006 04:46
564,2,Animation,15/02/2006 04:46
569,2,Animation,15/02/2006 04:46
582,2,Animation,15/02/2006 04:46
583,2,Animation,15/02/2006 04:46
615,2,Animation,15/02/2006 04:46
644,2,Animation,15/02/2006 04:46
649,2,Animation,15/02/2006 04:46
651,2,Animation,15/02/2006 04:46
690,2,Animation,15/02/2006 04:46
692,2,Animation,15/02/2006 04:46
693,2,Animation,15/02/2006 04:46
696,2,Animation,15/02/2006 04:46
703,2,Animation,15/02/2006 04:46
743,2,Animation,15/02/2006 04:46
805,2,Animation,15/02/2006 04:46
816,2,Animation,15/02/2006 04:46
820,2,Animation,15/02/2006 04:46
849,2,Animation,15/02/2006 04:46
859,2,Animation,15/02/2006 04:46
865,2,Animation,15/02/2006 04:46
880,2,Animation,15/02/2006 04:46
886,2,Animation,15/02/2006 04:46
887,2,Animation,15/02/2006 04:46
892,2,Animation,15/02/2006 04:46
901,2,Animation,15/02/2006 04:46
916,2,Animation,15/02/2006 04:46
953,2,Animation,15/02/2006 04:46
963,2,Animation,15/02/2006 04:46
986,2,Animation,15/02/2006 04:46
48,3,Children,15/02/2006 04:46
59,3,Children,15/02/2006 04:46
66,3,Children,15/02/2006 04:46
68,3,Children,15/02/2006 04:46
110,3,Children,15/02/2006 04:46
124,3,Children,15/02/2006 04:46
149,3,Children,15/02/2006 04:46
152,3,Children,15/02/2006 04:46
157,3,Children,15/02/2006 04:46
168,3,Children,15/02/2006 04:46
191,3,Children,15/02/2006 04:46
214,3,Children,15/02/2006 04:46
238,3,Children,15/02/2006 04:46
280,3,Children,15/02/2006 04:46
304,3,Children,15/02/2006 04:46
328,3,Children,15/02/2006 04:46
343,3,Children,15/02/2006 04:46
344,3,Children,15/02/2006 04:46
354,3,Children,15/02/2006 04:46
356,3,Children,15/02/2006 04:46
370,3,Children,15/02/2006 04:46
373,3,Children,15/02/2006 04:46
392,3,Children,15/02/2006 04:46
409,3,Children,15/02/2006 04:46
423,3,Children,15/02/2006 04:46
424,3,Children,15/02/2006 04:46
450,3,Children,15/02/2006 04:46
468,3,Children,15/02/2006 04:46
485,3,Children,15/02/2006 04:46
491,3,Children,15/02/2006 04:46
505,3,Children,15/02/2006 04:46
509,3,Children,15/02/2006 04:46
515,3,Children,15/02/2006 04:46
547,3,Children,15/02/2006 04:46
553,3,Children,15/02/2006 04:46
573,3,Children,15/02/2006 04:46
588,3,Children,15/02/2006 04:46
608,3,Children,15/02/2006 04:46
626,3,Children,15/02/2006 04:46
688,3,Children,15/02/2006 04:46
735,3,Children,15/02/2006 04:46
755,3,Children,15/02/2006 04:46
761,3,Children,15/02/2006 04:46
768,3,Children,15/02/2006 04:46
786,3,Children,15/02/2006 04:46
801,3,Children,15/02/2006 04:46
833,3,Children,15/02/2006 04:46
852,3,Children,15/02/2006 04:46
853,3,Children,15/02/2006 04:46
864,3,Children,15/02/2006 04:46
873,3,Children,15/02/2006 04:46
883,3,Children,15/02/2006 04:46
889,3,Children,15/02/2006 04:46
896,3,Children,15/02/2006 04:46
918,3,Children,15/02/2006 04:46
928,3,Children,15/02/2006 04:46
955,3,Children,15/02/2006 04:46
959,3,Children,15/02/2006 04:46
993,3,Children,15/02/2006 04:46
999,3,Children,15/02/2006 04:46
14,4,Classics,15/02/2006 04:46
37,4,Classics,15/02/2006 04:46
60,4,Classics,15/02/2006 04:46
91,4,Classics,15/02/2006 04:46
116,4,Classics,15/02/2006 04:46
131,4,Classics,15/02/2006 04:46
166,4,Classics,15/02/2006 04:46
180,4,Classics,15/02/2006 04:46
184,4,Classics,15/02/2006 04:46
190,4,Classics,15/02/2006 04:46
196,4,Classics,15/02/2006 04:46
228,4,Classics,15/02/2006 04:46
249,4,Classics,15/02/2006 04:46
266,4,Classics,15/02/2006 04:46
297,4,Classics,15/02/2006 04:46
341,4,Classics,15/02/2006 04:46
346,4,Classics,15/02/2006 04:46
357,4,Classics,15/02/2006 04:46
358,4,Classics,15/02/2006 04:46
425,4,Classics,15/02/2006 04:46
432,4,Classics,15/02/2006 04:46
445,4,Classics,15/02/2006 04:46
469,4,Classics,15/02/2006 04:46
471,4,Classics,15/02/2006 04:46
480,4,Classics,15/02/2006 04:46
482,4,Classics,15/02/2006 04:46
484,4,Classics,15/02/2006 04:46
487,4,Classics,15/02/2006 04:46
512,4,Classics,15/02/2006 04:46
523,4,Classics,15/02/2006 04:46
525,4,Classics,15/02/2006 04:46
536,4,Classics,15/02/2006 04:46
537,4,Classics,15/02/2006 04:46
548,4,Classics,15/02/2006 04:46
554,4,Classics,15/02/2006 04:46
578,4,Classics,15/02/2006 04:46
611,4,Classics,15/02/2006 04:46
633,4,Classics,15/02/2006 04:46
652,4,Classics,15/02/2006 04:46
663,4,Classics,15/02/2006 04:46
694,4,Classics,15/02/2006 04:46
725,4,Classics,15/02/2006 04:46
731,4,Classics,15/02/2006 04:46
744,4,Classics,15/02/2006 04:46
808,4,Classics,15/02/2006 04:46
815,4,Classics,15/02/2006 04:46
828,4,Classics,15/02/2006 04:46
843,4,Classics,15/02/2006 04:46
862,4,Classics,15/02/2006 04:46
874,4,Classics,15/02/2006 04:46
891,4,Classics,15/02/2006 04:46
895,4,Classics,15/02/2006 04:46
899,4,Classics,15/02/2006 04:46
950,4,Classics,15/02/2006 04:46
951,4,Classics,15/02/2006 04:46
962,4,Classics,15/02/2006 04:46
970,4,Classics,15/02/2006 04:46
7,5,Comedy,15/02/2006 04:46
28,5,Comedy,15/02/2006 04:46
99,5,Comedy,15/02/2006 04:46
119,5,Comedy,15/02/2006 04:46
127,5,Comedy,15/02/2006 04:46
159,5,Comedy,15/02/2006 04:46
178,5,Comedy,15/02/2006 04:46
182,5,Comedy,15/02/2006 04:46
188,5,Comedy,15/02/2006 04:46
202,5,Comedy,15/02/2006 04:46
242,5,Comedy,15/02/2006 04:46
247,5,Comedy,15/02/2006 04:46
265,5,Comedy,15/02/2006 04:46
276,5,Comedy,15/02/2006 04:46
308,5,Comedy,15/02/2006 04:46
317,5,Comedy,15/02/2006 04:46
324,5,Comedy,15/02/2006 04:46
332,5,Comedy,15/02/2006 04:46
335,5,Comedy,15/02/2006 04:46
365,5,Comedy,15/02/2006 04:46
385,5,Comedy,15/02/2006 04:46
388,5,Comedy,15/02/2006 04:46
404,5,Comedy,15/02/2006 04:46
410,5,Comedy,15/02/2006 04:46
413,5,Comedy,15/02/2006 04:46
443,5,Comedy,15/02/2006 04:46
444,5,Comedy,15/02/2006 04:46
478,5,Comedy,15/02/2006 04:46
502,5,Comedy,15/02/2006 04:46
522,5,Comedy,15/02/2006 04:46
524,5,Comedy,15/02/2006 04:46
529,5,Comedy,15/02/2006 04:46
555,5,Comedy,15/02/2006 04:46
568,5,Comedy,15/02/2006 04:46
604,5,Comedy,15/02/2006 04:46
613,5,Comedy,15/02/2006 04:46
638,5,Comedy,15/02/2006 04:46
657,5,Comedy,15/02/2006 04:46
660,5,Comedy,15/02/2006 04:46
672,5,Comedy,15/02/2006 04:46
680,5,Comedy,15/02/2006 04:46
704,5,Comedy,15/02/2006 04:46
754,5,Comedy,15/02/2006 04:46
756,5,Comedy,15/02/2006 04:46
765,5,Comedy,15/02/2006 04:46
774,5,Comedy,15/02/2006 04:46
814,5,Comedy,15/02/2006 04:46
837,5,Comedy,15/02/2006 04:46
857,5,Comedy,15/02/2006 04:46
858,5,Comedy,15/02/2006 04:46
871,5,Comedy,15/02/2006 04:46
905,5,Comedy,15/02/2006 04:46
906,5,Comedy,15/02/2006 04:46
932,5,Comedy,15/02/2006 04:46
938,5,Comedy,15/02/2006 04:46
939,5,Comedy,15/02/2006 04:46
978,5,Comedy,15/02/2006 04:46
1000,5,Comedy,15/02/2006 04:46
1,6,Documentary,15/02/2006 04:46
3,6,Documentary,15/02/2006 04:46
40,6,Documentary,15/02/2006 04:46
58,6,Documentary,15/02/2006 04:46
62,6,Documentary,15/02/2006 04:46
72,6,Documentary,15/02/2006 04:46
85,6,Documentary,15/02/2006 04:46
101,6,Documentary,15/02/2006 04:46
129,6,Documentary,15/02/2006 04:46
142,6,Documentary,15/02/2006 04:46
150,6,Documentary,15/02/2006 04:46
156,6,Documentary,15/02/2006 04:46
164,6,Documentary,15/02/2006 04:46
199,6,Documentary,15/02/2006 04:46
206,6,Documentary,15/02/2006 04:46
219,6,Documentary,15/02/2006 04:46
221,6,Documentary,15/02/2006 04:46
248,6,Documentary,15/02/2006 04:46
261,6,Documentary,15/02/2006 04:46
274,6,Documentary,15/02/2006 04:46
295,6,Documentary,15/02/2006 04:46
336,6,Documentary,15/02/2006 04:46
393,6,Documentary,15/02/2006 04:46
400,6,Documentary,15/02/2006 04:46
407,6,Documentary,15/02/2006 04:46
412,6,Documentary,15/02/2006 04:46
427,6,Documentary,15/02/2006 04:46
441,6,Documentary,15/02/2006 04:46
457,6,Documentary,15/02/2006 04:46
466,6,Documentary,15/02/2006 04:46
497,6,Documentary,15/02/2006 04:46
544,6,Documentary,15/02/2006 04:46
552,6,Documentary,15/02/2006 04:46
571,6,Documentary,15/02/2006 04:46
575,6,Documentary,15/02/2006 04:46
576,6,Documentary,15/02/2006 04:46
587,6,Documentary,15/02/2006 04:46
589,6,Documentary,15/02/2006 04:46
616,6,Documentary,15/02/2006 04:46
622,6,Documentary,15/02/2006 04:46
627,6,Documentary,15/02/2006 04:46
629,6,Documentary,15/02/2006 04:46
650,6,Documentary,15/02/2006 04:46
670,6,Documentary,15/02/2006 04:46
687,6,Documentary,15/02/2006 04:46
698,6,Documentary,15/02/2006 04:46
708,6,Documentary,15/02/2006 04:46
712,6,Documentary,15/02/2006 04:46
713,6,Documentary,15/02/2006 04:46
734,6,Documentary,15/02/2006 04:46
757,6,Documentary,15/02/2006 04:46
776,6,Documentary,15/02/2006 04:46
788,6,Documentary,15/02/2006 04:46
791,6,Documentary,15/02/2006 04:46
812,6,Documentary,15/02/2006 04:46
834,6,Documentary,15/02/2006 04:46
855,6,Documentary,15/02/2006 04:46
888,6,Documentary,15/02/2006 04:46
925,6,Documentary,15/02/2006 04:46
926,6,Documentary,15/02/2006 04:46
943,6,Documentary,15/02/2006 04:46
945,6,Documentary,15/02/2006 04:46
952,6,Documentary,15/02/2006 04:46
960,6,Documentary,15/02/2006 04:46
966,6,Documentary,15/02/2006 04:46
973,6,Documentary,15/02/2006 04:46
992,6,Documentary,15/02/2006 04:46
996,6,Documentary,15/02/2006 04:46
33,7,Drama,15/02/2006 04:46
61,7,Drama,15/02/2006 04:46
64,7,Drama,15/02/2006 04:46
79,7,Drama,15/02/2006 04:46
98,7,Drama,15/02/2006 04:46
107,7,Drama,15/02/2006 04:46
143,7,Drama,15/02/2006 04:46
146,7,Drama,15/02/2006 04:46
172,7,Drama,15/02/2006 04:46
173,7,Drama,15/02/2006 04:46
179,7,Drama,15/02/2006 04:46
186,7,Drama,15/02/2006 04:46
204,7,Drama,15/02/2006 04:46
209,7,Drama,15/02/2006 04:46
218,7,Drama,15/02/2006 04:46
225,7,Drama,15/02/2006 04:46
230,7,Drama,15/02/2006 04:46
272,7,Drama,15/02/2006 04:46
282,7,Drama,15/02/2006 04:46
366,7,Drama,15/02/2006 04:46
368,7,Drama,15/02/2006 04:46
379,7,Drama,15/02/2006 04:46
396,7,Drama,15/02/2006 04:46
401,7,Drama,15/02/2006 04:46
403,7,Drama,15/02/2006 04:46
418,7,Drama,15/02/2006 04:46
439,7,Drama,15/02/2006 04:46
473,7,Drama,15/02/2006 04:46
504,7,Drama,15/02/2006 04:46
514,7,Drama,15/02/2006 04:46
521,7,Drama,15/02/2006 04:46
539,7,Drama,15/02/2006 04:46
585,7,Drama,15/02/2006 04:46
618,7,Drama,15/02/2006 04:46
630,7,Drama,15/02/2006 04:46
643,7,Drama,15/02/2006 04:46
662,7,Drama,15/02/2006 04:46
666,7,Drama,15/02/2006 04:46
683,7,Drama,15/02/2006 04:46
706,7,Drama,15/02/2006 04:46
709,7,Drama,15/02/2006 04:46
728,7,Drama,15/02/2006 04:46
739,7,Drama,15/02/2006 04:46
758,7,Drama,15/02/2006 04:46
766,7,Drama,15/02/2006 04:46
771,7,Drama,15/02/2006 04:46
772,7,Drama,15/02/2006 04:46
775,7,Drama,15/02/2006 04:46
790,7,Drama,15/02/2006 04:46
803,7,Drama,15/02/2006 04:46
818,7,Drama,15/02/2006 04:46
827,7,Drama,15/02/2006 04:46
882,7,Drama,15/02/2006 04:46
897,7,Drama,15/02/2006 04:46
907,7,Drama,15/02/2006 04:46
910,7,Drama,15/02/2006 04:46
923,7,Drama,15/02/2006 04:46
942,7,Drama,15/02/2006 04:46
944,7,Drama,15/02/2006 04:46
958,7,Drama,15/02/2006 04:46
969,7,Drama,15/02/2006 04:46
979,7,Drama,15/02/2006 04:46
5,8,Family,15/02/2006 04:46
31,8,Family,15/02/2006 04:46
43,8,Family,15/02/2006 04:46
50,8,Family,15/02/2006 04:46
53,8,Family,15/02/2006 04:46
63,8,Family,15/02/2006 04:46
71,8,Family,15/02/2006 04:46
80,8,Family,15/02/2006 04:46
82,8,Family,15/02/2006 04:46
83,8,Family,15/02/2006 04:46
94,8,Family,15/02/2006 04:46
139,8,Family,15/02/2006 04:46
145,8,Family,15/02/2006 04:46
147,8,Family,15/02/2006 04:46
175,8,Family,15/02/2006 04:46
183,8,Family,15/02/2006 04:46
213,8,Family,15/02/2006 04:46
231,8,Family,15/02/2006 04:46
262,8,Family,15/02/2006 04:46
269,8,Family,15/02/2006 04:46
273,8,Family,15/02/2006 04:46
309,8,Family,15/02/2006 04:46
315,8,Family,15/02/2006 04:46
345,8,Family,15/02/2006 04:46
348,8,Family,15/02/2006 04:46
359,8,Family,15/02/2006 04:46
377,8,Family,15/02/2006 04:46
391,8,Family,15/02/2006 04:46
419,8,Family,15/02/2006 04:46
428,8,Family,15/02/2006 04:46
437,8,Family,15/02/2006 04:46
442,8,Family,15/02/2006 04:46
458,8,Family,15/02/2006 04:46
476,8,Family,15/02/2006 04:46
479,8,Family,15/02/2006 04:46
498,8,Family,15/02/2006 04:46
499,8,Family,15/02/2006 04:46
528,8,Family,15/02/2006 04:46
534,8,Family,15/02/2006 04:46
550,8,Family,15/02/2006 04:46
557,8,Family,15/02/2006 04:46
603,8,Family,15/02/2006 04:46
610,8,Family,15/02/2006 04:46
617,8,Family,15/02/2006 04:46
621,8,Family,15/02/2006 04:46
634,8,Family,15/02/2006 04:46
639,8,Family,15/02/2006 04:46
679,8,Family,15/02/2006 04:46
682,8,Family,15/02/2006 04:46
695,8,Family,15/02/2006 04:46
700,8,Family,15/02/2006 04:46
710,8,Family,15/02/2006 04:46
715,8,Family,15/02/2006 04:46
724,8,Family,15/02/2006 04:46
727,8,Family,15/02/2006 04:46
736,8,Family,15/02/2006 04:46
753,8,Family,15/02/2006 04:46
778,8,Family,15/02/2006 04:46
780,8,Family,15/02/2006 04:46
795,8,Family,15/02/2006 04:46
810,8,Family,15/02/2006 04:46
822,8,Family,15/02/2006 04:46
824,8,Family,15/02/2006 04:46
829,8,Family,15/02/2006 04:46
832,8,Family,15/02/2006 04:46
866,8,Family,15/02/2006 04:46
867,8,Family,15/02/2006 04:46
946,8,Family,15/02/2006 04:46
975,8,Family,15/02/2006 04:46
6,9,Foreign,15/02/2006 04:46
11,9,Foreign,15/02/2006 04:46
15,9,Foreign,15/02/2006 04:46
16,9,Foreign,15/02/2006 04:46
47,9,Foreign,15/02/2006 04:46
52,9,Foreign,15/02/2006 04:46
100,9,Foreign,15/02/2006 04:46
104,9,Foreign,15/02/2006 04:46
112,9,Foreign,15/02/2006 04:46
128,9,Foreign,15/02/2006 04:46
148,9,Foreign,15/02/2006 04:46
170,9,Foreign,15/02/2006 04:46
185,9,Foreign,15/02/2006 04:46
192,9,Foreign,15/02/2006 04:46
198,9,Foreign,15/02/2006 04:46
201,9,Foreign,15/02/2006 04:46
207,9,Foreign,15/02/2006 04:46
246,9,Foreign,15/02/2006 04:46
290,9,Foreign,15/02/2006 04:46
311,9,Foreign,15/02/2006 04:46
337,9,Foreign,15/02/2006 04:46
353,9,Foreign,15/02/2006 04:46
376,9,Foreign,15/02/2006 04:46
380,9,Foreign,15/02/2006 04:46
399,9,Foreign,15/02/2006 04:46
414,9,Foreign,15/02/2006 04:46
416,9,Foreign,15/02/2006 04:46
421,9,Foreign,15/02/2006 04:46
431,9,Foreign,15/02/2006 04:46
435,9,Foreign,15/02/2006 04:46
440,9,Foreign,15/02/2006 04:46
452,9,Foreign,15/02/2006 04:46
455,9,Foreign,15/02/2006 04:46
459,9,Foreign,15/02/2006 04:46
460,9,Foreign,15/02/2006 04:46
467,9,Foreign,15/02/2006 04:46
486,9,Foreign,15/02/2006 04:46
493,9,Foreign,15/02/2006 04:46
500,9,Foreign,15/02/2006 04:46
531,9,Foreign,15/02/2006 04:46
533,9,Foreign,15/02/2006 04:46
545,9,Foreign,15/02/2006 04:46
565,9,Foreign,15/02/2006 04:46
566,9,Foreign,15/02/2006 04:46
567,9,Foreign,15/02/2006 04:46
584,9,Foreign,15/02/2006 04:46
595,9,Foreign,15/02/2006 04:46
605,9,Foreign,15/02/2006 04:46
607,9,Foreign,15/02/2006 04:46
623,9,Foreign,15/02/2006 04:46
640,9,Foreign,15/02/2006 04:46
641,9,Foreign,15/02/2006 04:46
661,9,Foreign,15/02/2006 04:46
669,9,Foreign,15/02/2006 04:46
674,9,Foreign,15/02/2006 04:46
689,9,Foreign,15/02/2006 04:46
705,9,Foreign,15/02/2006 04:46
726,9,Foreign,15/02/2006 04:46
738,9,Foreign,15/02/2006 04:46
769,9,Foreign,15/02/2006 04:46
770,9,Foreign,15/02/2006 04:46
789,9,Foreign,15/02/2006 04:46
792,9,Foreign,15/02/2006 04:46
821,9,Foreign,15/02/2006 04:46
845,9,Foreign,15/02/2006 04:46
900,9,Foreign,15/02/2006 04:46
908,9,Foreign,15/02/2006 04:46
929,9,Foreign,15/02/2006 04:46
947,9,Foreign,15/02/2006 04:46
957,9,Foreign,15/02/2006 04:46
961,9,Foreign,15/02/2006 04:46
971,9,Foreign,15/02/2006 04:46
984,9,Foreign,15/02/2006 04:46
46,10,Games,15/02/2006 04:46
106,10,Games,15/02/2006 04:46
117,10,Games,15/02/2006 04:46
141,10,Games,15/02/2006 04:46
189,10,Games,15/02/2006 04:46
200,10,Games,15/02/2006 04:46
211,10,Games,15/02/2006 04:46
215,10,Games,15/02/2006 04:46
217,10,Games,15/02/2006 04:46
227,10,Games,15/02/2006 04:46
232,10,Games,15/02/2006 04:46
236,10,Games,15/02/2006 04:46
264,10,Games,15/02/2006 04:46
281,10,Games,15/02/2006 04:46
302,10,Games,15/02/2006 04:46
306,10,Games,15/02/2006 04:46
310,10,Games,15/02/2006 04:46
316,10,Games,15/02/2006 04:46
331,10,Games,15/02/2006 04:46
352,10,Games,15/02/2006 04:46
362,10,Games,15/02/2006 04:46
381,10,Games,15/02/2006 04:46
382,10,Games,15/02/2006 04:46
387,10,Games,15/02/2006 04:46
406,10,Games,15/02/2006 04:46
408,10,Games,15/02/2006 04:46
438,10,Games,15/02/2006 04:46
447,10,Games,15/02/2006 04:46
483,10,Games,15/02/2006 04:46
507,10,Games,15/02/2006 04:46
508,10,Games,15/02/2006 04:46
546,10,Games,15/02/2006 04:46
556,10,Games,15/02/2006 04:46
560,10,Games,15/02/2006 04:46
563,10,Games,15/02/2006 04:46
591,10,Games,15/02/2006 04:46
596,10,Games,15/02/2006 04:46
597,10,Games,15/02/2006 04:46
614,10,Games,15/02/2006 04:46
624,10,Games,15/02/2006 04:46
646,10,Games,15/02/2006 04:46
654,10,Games,15/02/2006 04:46
684,10,Games,15/02/2006 04:46
699,10,Games,15/02/2006 04:46
701,10,Games,15/02/2006 04:46
742,10,Games,15/02/2006 04:46
746,10,Games,15/02/2006 04:46
747,10,Games,15/02/2006 04:46
762,10,Games,15/02/2006 04:46
781,10,Games,15/02/2006 04:46
807,10,Games,15/02/2006 04:46
835,10,Games,15/02/2006 04:46
840,10,Games,15/02/2006 04:46
842,10,Games,15/02/2006 04:46
861,10,Games,15/02/2006 04:46
919,10,Games,15/02/2006 04:46
934,10,Games,15/02/2006 04:46
941,10,Games,15/02/2006 04:46
949,10,Games,15/02/2006 04:46
956,10,Games,15/02/2006 04:46
976,10,Games,15/02/2006 04:46
2,11,Horror,15/02/2006 04:46
4,11,Horror,15/02/2006 04:46
8,11,Horror,15/02/2006 04:46
9,11,Horror,15/02/2006 04:46
13,11,Horror,15/02/2006 04:46
24,11,Horror,15/02/2006 04:46
30,11,Horror,15/02/2006 04:46
34,11,Horror,15/02/2006 04:46
35,11,Horror,15/02/2006 04:46
65,11,Horror,15/02/2006 04:46
92,11,Horror,15/02/2006 04:46
122,11,Horror,15/02/2006 04:46
171,11,Horror,15/02/2006 04:46
222,11,Horror,15/02/2006 04:46
258,11,Horror,15/02/2006 04:46
275,11,Horror,15/02/2006 04:46
277,11,Horror,15/02/2006 04:46
301,11,Horror,15/02/2006 04:46
313,11,Horror,15/02/2006 04:46
334,11,Horror,15/02/2006 04:46
351,11,Horror,15/02/2006 04:46
415,11,Horror,15/02/2006 04:46
475,11,Horror,15/02/2006 04:46
494,11,Horror,15/02/2006 04:46
495,11,Horror,15/02/2006 04:46
506,11,Horror,15/02/2006 04:46
527,11,Horror,15/02/2006 04:46
535,11,Horror,15/02/2006 04:46
593,11,Horror,15/02/2006 04:46
600,11,Horror,15/02/2006 04:46
653,11,Horror,15/02/2006 04:46
658,11,Horror,15/02/2006 04:46
665,11,Horror,15/02/2006 04:46
702,11,Horror,15/02/2006 04:46
716,11,Horror,15/02/2006 04:46
722,11,Horror,15/02/2006 04:46
737,11,Horror,15/02/2006 04:46
740,11,Horror,15/02/2006 04:46
749,11,Horror,15/02/2006 04:46
799,11,Horror,15/02/2006 04:46
800,11,Horror,15/02/2006 04:46
804,11,Horror,15/02/2006 04:46
830,11,Horror,15/02/2006 04:46
854,11,Horror,15/02/2006 04:46
856,11,Horror,15/02/2006 04:46
870,11,Horror,15/02/2006 04:46
876,11,Horror,15/02/2006 04:46
881,11,Horror,15/02/2006 04:46
885,11,Horror,15/02/2006 04:46
904,11,Horror,15/02/2006 04:46
909,11,Horror,15/02/2006 04:46
922,11,Horror,15/02/2006 04:46
965,11,Horror,15/02/2006 04:46
990,11,Horror,15/02/2006 04:46
995,11,Horror,15/02/2006 04:46
998,11,Horror,15/02/2006 04:46
12,12,Music,15/02/2006 04:46
17,12,Music,15/02/2006 04:46
20,12,Music,15/02/2006 04:46
51,12,Music,15/02/2006 04:46
54,12,Music,15/02/2006 04:46
74,12,Music,15/02/2006 04:46
76,12,Music,15/02/2006 04:46
86,12,Music,15/02/2006 04:46
133,12,Music,15/02/2006 04:46
158,12,Music,15/02/2006 04:46
161,12,Music,15/02/2006 04:46
174,12,Music,15/02/2006 04:46
220,12,Music,15/02/2006 04:46
244,12,Music,15/02/2006 04:46
255,12,Music,15/02/2006 04:46
278,12,Music,15/02/2006 04:46
284,12,Music,15/02/2006 04:46
333,12,Music,15/02/2006 04:46
363,12,Music,15/02/2006 04:46
378,12,Music,15/02/2006 04:46
384,12,Music,15/02/2006 04:46
398,12,Music,15/02/2006 04:46
411,12,Music,15/02/2006 04:46
426,12,Music,15/02/2006 04:46
454,12,Music,15/02/2006 04:46
462,12,Music,15/02/2006 04:46
477,12,Music,15/02/2006 04:46
516,12,Music,15/02/2006 04:46
540,12,Music,15/02/2006 04:46
562,12,Music,15/02/2006 04:46
581,12,Music,15/02/2006 04:46
592,12,Music,15/02/2006 04:46
636,12,Music,15/02/2006 04:46
647,12,Music,15/02/2006 04:46
673,12,Music,15/02/2006 04:46
718,12,Music,15/02/2006 04:46
721,12,Music,15/02/2006 04:46
741,12,Music,15/02/2006 04:46
752,12,Music,15/02/2006 04:46
767,12,Music,15/02/2006 04:46
797,12,Music,15/02/2006 04:46
819,12,Music,15/02/2006 04:46
877,12,Music,15/02/2006 04:46
879,12,Music,15/02/2006 04:46
884,12,Music,15/02/2006 04:46
921,12,Music,15/02/2006 04:46
936,12,Music,15/02/2006 04:46
980,12,Music,15/02/2006 04:46
983,12,Music,15/02/2006 04:46
987,12,Music,15/02/2006 04:46
997,12,Music,15/02/2006 04:46
22,13,New,15/02/2006 04:46
25,13,New,15/02/2006 04:46
32,13,New,15/02/2006 04:46
45,13,New,15/02/2006 04:46
77,13,New,15/02/2006 04:46
90,13,New,15/02/2006 04:46
93,13,New,15/02/2006 04:46
95,13,New,15/02/2006 04:46
96,13,New,15/02/2006 04:46
108,13,New,15/02/2006 04:46
109,13,New,15/02/2006 04:46
136,13,New,15/02/2006 04:46
144,13,New,15/02/2006 04:46
155,13,New,15/02/2006 04:46
163,13,New,15/02/2006 04:46
216,13,New,15/02/2006 04:46
226,13,New,15/02/2006 04:46
251,13,New,15/02/2006 04:46
267,13,New,15/02/2006 04:46
270,13,New,15/02/2006 04:46
283,13,New,15/02/2006 04:46
289,13,New,15/02/2006 04:46
305,13,New,15/02/2006 04:46
320,13,New,15/02/2006 04:46
321,13,New,15/02/2006 04:46
340,13,New,15/02/2006 04:46
364,13,New,15/02/2006 04:46
436,13,New,15/02/2006 04:46
448,13,New,15/02/2006 04:46
465,13,New,15/02/2006 04:46
481,13,New,15/02/2006 04:46
490,13,New,15/02/2006 04:46
492,13,New,15/02/2006 04:46
538,13,New,15/02/2006 04:46
551,13,New,15/02/2006 04:46
558,13,New,15/02/2006 04:46
561,13,New,15/02/2006 04:46
580,13,New,15/02/2006 04:46
590,13,New,15/02/2006 04:46
632,13,New,15/02/2006 04:46
635,13,New,15/02/2006 04:46
675,13,New,15/02/2006 04:46
677,13,New,15/02/2006 04:46
685,13,New,15/02/2006 04:46
686,13,New,15/02/2006 04:46
720,13,New,15/02/2006 04:46
730,13,New,15/02/2006 04:46
750,13,New,15/02/2006 04:46
751,13,New,15/02/2006 04:46
759,13,New,15/02/2006 04:46
760,13,New,15/02/2006 04:46
806,13,New,15/02/2006 04:46
846,13,New,15/02/2006 04:46
847,13,New,15/02/2006 04:46
913,13,New,15/02/2006 04:46
920,13,New,15/02/2006 04:46
933,13,New,15/02/2006 04:46
935,13,New,15/02/2006 04:46
937,13,New,15/02/2006 04:46
948,13,New,15/02/2006 04:46
954,13,New,15/02/2006 04:46
974,13,New,15/02/2006 04:46
994,13,New,15/02/2006 04:46
26,14,Sci-Fi,15/02/2006 04:46
39,14,Sci-Fi,15/02/2006 04:46
44,14,Sci-Fi,15/02/2006 04:46
49,14,Sci-Fi,15/02/2006 04:46
55,14,Sci-Fi,15/02/2006 04:46
69,14,Sci-Fi,15/02/2006 04:46
73,14,Sci-Fi,15/02/2006 04:46
81,14,Sci-Fi,15/02/2006 04:46
114,14,Sci-Fi,15/02/2006 04:46
132,14,Sci-Fi,15/02/2006 04:46
137,14,Sci-Fi,15/02/2006 04:46
138,14,Sci-Fi,15/02/2006 04:46
140,14,Sci-Fi,15/02/2006 04:46
151,14,Sci-Fi,15/02/2006 04:46
153,14,Sci-Fi,15/02/2006 04:46
165,14,Sci-Fi,15/02/2006 04:46
177,14,Sci-Fi,15/02/2006 04:46
195,14,Sci-Fi,15/02/2006 04:46
203,14,Sci-Fi,15/02/2006 04:46
234,14,Sci-Fi,15/02/2006 04:46
235,14,Sci-Fi,15/02/2006 04:46
240,14,Sci-Fi,15/02/2006 04:46
285,14,Sci-Fi,15/02/2006 04:46
296,14,Sci-Fi,15/02/2006 04:46
298,14,Sci-Fi,15/02/2006 04:46
312,14,Sci-Fi,15/02/2006 04:46
319,14,Sci-Fi,15/02/2006 04:46
338,14,Sci-Fi,15/02/2006 04:46
350,14,Sci-Fi,15/02/2006 04:46
367,14,Sci-Fi,15/02/2006 04:46
369,14,Sci-Fi,15/02/2006 04:46
374,14,Sci-Fi,15/02/2006 04:46
390,14,Sci-Fi,15/02/2006 04:46
394,14,Sci-Fi,15/02/2006 04:46
397,14,Sci-Fi,15/02/2006 04:46
422,14,Sci-Fi,15/02/2006 04:46
449,14,Sci-Fi,15/02/2006 04:46
520,14,Sci-Fi,15/02/2006 04:46
559,14,Sci-Fi,15/02/2006 04:46
572,14,Sci-Fi,15/02/2006 04:46
602,14,Sci-Fi,15/02/2006 04:46
620,14,Sci-Fi,15/02/2006 04:46
625,14,Sci-Fi,15/02/2006 04:46
637,14,Sci-Fi,15/02/2006 04:46
655,14,Sci-Fi,15/02/2006 04:46
711,14,Sci-Fi,15/02/2006 04:46
714,14,Sci-Fi,15/02/2006 04:46
723,14,Sci-Fi,15/02/2006 04:46
798,14,Sci-Fi,15/02/2006 04:46
817,14,Sci-Fi,15/02/2006 04:46
831,14,Sci-Fi,15/02/2006 04:46
839,14,Sci-Fi,15/02/2006 04:46
860,14,Sci-Fi,15/02/2006 04:46
863,14,Sci-Fi,15/02/2006 04:46
893,14,Sci-Fi,15/02/2006 04:46
912,14,Sci-Fi,15/02/2006 04:46
924,14,Sci-Fi,15/02/2006 04:46
930,14,Sci-Fi,15/02/2006 04:46
967,14,Sci-Fi,15/02/2006 04:46
972,14,Sci-Fi,15/02/2006 04:46
985,14,Sci-Fi,15/02/2006 04:46
10,15,Sports,15/02/2006 04:46
27,15,Sports,15/02/2006 04:46
42,15,Sports,15/02/2006 04:46
102,15,Sports,15/02/2006 04:46
113,15,Sports,15/02/2006 04:46
120,15,Sports,15/02/2006 04:46
135,15,Sports,15/02/2006 04:46
176,15,Sports,15/02/2006 04:46
187,15,Sports,15/02/2006 04:46
197,15,Sports,15/02/2006 04:46
237,15,Sports,15/02/2006 04:46
254,15,Sports,15/02/2006 04:46
256,15,Sports,15/02/2006 04:46
260,15,Sports,15/02/2006 04:46
263,15,Sports,15/02/2006 04:46
279,15,Sports,15/02/2006 04:46
291,15,Sports,15/02/2006 04:46
293,15,Sports,15/02/2006 04:46
322,15,Sports,15/02/2006 04:46
323,15,Sports,15/02/2006 04:46
361,15,Sports,15/02/2006 04:46
372,15,Sports,15/02/2006 04:46
383,15,Sports,15/02/2006 04:46
389,15,Sports,15/02/2006 04:46
420,15,Sports,15/02/2006 04:46
429,15,Sports,15/02/2006 04:46
446,15,Sports,15/02/2006 04:46
453,15,Sports,15/02/2006 04:46
463,15,Sports,15/02/2006 04:46
474,15,Sports,15/02/2006 04:46
488,15,Sports,15/02/2006 04:46
503,15,Sports,15/02/2006 04:46
517,15,Sports,15/02/2006 04:46
519,15,Sports,15/02/2006 04:46
532,15,Sports,15/02/2006 04:46
570,15,Sports,15/02/2006 04:46
577,15,Sports,15/02/2006 04:46
598,15,Sports,15/02/2006 04:46
599,15,Sports,15/02/2006 04:46
606,15,Sports,15/02/2006 04:46
612,15,Sports,15/02/2006 04:46
619,15,Sports,15/02/2006 04:46
628,15,Sports,15/02/2006 04:46
631,15,Sports,15/02/2006 04:46
667,15,Sports,15/02/2006 04:46
668,15,Sports,15/02/2006 04:46
671,15,Sports,15/02/2006 04:46
676,15,Sports,15/02/2006 04:46
678,15,Sports,15/02/2006 04:46
681,15,Sports,15/02/2006 04:46
691,15,Sports,15/02/2006 04:46
719,15,Sports,15/02/2006 04:46
729,15,Sports,15/02/2006 04:46
733,15,Sports,15/02/2006 04:46
745,15,Sports,15/02/2006 04:46
763,15,Sports,15/02/2006 04:46
764,15,Sports,15/02/2006 04:46
773,15,Sports,15/02/2006 04:46
777,15,Sports,15/02/2006 04:46
779,15,Sports,15/02/2006 04:46
782,15,Sports,15/02/2006 04:46
796,15,Sports,15/02/2006 04:46
809,15,Sports,15/02/2006 04:46
813,15,Sports,15/02/2006 04:46
836,15,Sports,15/02/2006 04:46
841,15,Sports,15/02/2006 04:46
844,15,Sports,15/02/2006 04:46
851,15,Sports,15/02/2006 04:46
875,15,Sports,15/02/2006 04:46
890,15,Sports,15/02/2006 04:46
898,15,Sports,15/02/2006 04:46
902,15,Sports,15/02/2006 04:46
917,15,Sports,15/02/2006 04:46
940,15,Sports,15/02/2006 04:46
41,16,Travel,15/02/2006 04:46
57,16,Travel,15/02/2006 04:46
75,16,Travel,15/02/2006 04:46
84,16,Travel,15/02/2006 04:46
87,16,Travel,15/02/2006 04:46
88,16,Travel,15/02/2006 04:46
103,16,Travel,15/02/2006 04:46
123,16,Travel,15/02/2006 04:46
125,16,Travel,15/02/2006 04:46
167,16,Travel,15/02/2006 04:46
169,16,Travel,15/02/2006 04:46
181,16,Travel,15/02/2006 04:46
224,16,Travel,15/02/2006 04:46
233,16,Travel,15/02/2006 04:46
257,16,Travel,15/02/2006 04:46
286,16,Travel,15/02/2006 04:46
288,16,Travel,15/02/2006 04:46
294,16,Travel,15/02/2006 04:46
299,16,Travel,15/02/2006 04:46
307,16,Travel,15/02/2006 04:46
339,16,Travel,15/02/2006 04:46
342,16,Travel,15/02/2006 04:46
347,16,Travel,15/02/2006 04:46
386,16,Travel,15/02/2006 04:46
405,16,Travel,15/02/2006 04:46
434,16,Travel,15/02/2006 04:46
451,16,Travel,15/02/2006 04:46
472,16,Travel,15/02/2006 04:46
496,16,Travel,15/02/2006 04:46
513,16,Travel,15/02/2006 04:46
518,16,Travel,15/02/2006 04:46
526,16,Travel,15/02/2006 04:46
543,16,Travel,15/02/2006 04:46
601,16,Travel,15/02/2006 04:46
609,16,Travel,15/02/2006 04:46
642,16,Travel,15/02/2006 04:46
645,16,Travel,15/02/2006 04:46
648,16,Travel,15/02/2006 04:46
656,16,Travel,15/02/2006 04:46
783,16,Travel,15/02/2006 04:46
784,16,Travel,15/02/2006 04:46
785,16,Travel,15/02/2006 04:46
787,16,Travel,15/02/2006 04:46
811,16,Travel,15/02/2006 04:46
826,16,Travel,15/02/2006 04:46
848,16,Travel,15/02/2006 04:46
868,16,Travel,15/02/2006 04:46
872,16,Travel,15/02/2006 04:46
878,16,Travel,15/02/2006 04:46
894,16,Travel,15/02/2006 04:46
903,16,Travel,15/02/2006 04:46
914,16,Travel,15/02/2006 04:46
931,16,Travel,15/02/2006 04:46
977,16,Travel,15/02/2006 04:46
981,16,Travel,15/02/2006 04:46
988,16,Travel,15/02/2006 04:46
989,16,Travel,15/02/2006 04:46
